Insert into T_GPE_M_ROLES (ID,CODE,DESCRIPTION) values ('1','ADMINISTRATOR','role.administrator');
Insert into T_GPE_M_ROLES (ID,CODE,DESCRIPTION) values ('2','PROJECT_LEADER','role.project.leader');
Insert into T_GPE_M_ROLES (ID,CODE,DESCRIPTION) values ('3','PROJECT_MANAGER','role.project.manager');
Insert into T_GPE_M_ROLES (ID,CODE,DESCRIPTION) values ('4','USER','role.user');

Insert into T_GPE_P_METHODOLOGIES (ID,CODE,DESCRIPTION) values ('1','SCRUM','methodology.scrum');
Insert into T_GPE_P_METHODOLOGIES (ID,CODE,DESCRIPTION) values ('2','METRICA_V3','methodology.metricav3');

Insert into T_GPE_P_PRIORITY (ID,CODE,DESCRIPTION) values ('1','CRITICAL','priority.critical');
Insert into T_GPE_P_PRIORITY (ID,CODE,DESCRIPTION) values ('2','IMPORTANT','priority.important');
Insert into T_GPE_P_PRIORITY (ID,CODE,DESCRIPTION) values ('3','NORMAL','priority.normal');
Insert into T_GPE_P_PRIORITY (ID,CODE,DESCRIPTION) values ('4','LOW','priority.low');

Insert into T_GPE_P_REPORT_STATUS (ID,CODE,DESCRIPTION) values ('1','PENDING','report.status.pending');
Insert into T_GPE_P_REPORT_STATUS (ID,CODE,DESCRIPTION) values ('2','CORRECT','report.status.correct');
Insert into T_GPE_P_REPORT_STATUS (ID,CODE,DESCRIPTION) values ('3','FAILED','report.status.failed');

Insert into T_GPE_P_REPORT_TYPE (ID,CODE,DESCRIPTION) values ('1','PROJECTS','report.type.projects');
Insert into T_GPE_P_REPORT_TYPE (ID,CODE,DESCRIPTION) values ('2','INCURREDS','report.type.incurreds');
Insert into T_GPE_P_REPORT_TYPE (ID,CODE,DESCRIPTION) values ('3','USERS','report.type.users');
Insert into T_GPE_P_REPORT_TYPE (ID,CODE,DESCRIPTION) values ('4','SERVERS','report.type.servers');
Insert into T_GPE_P_SERVER_TYPE (ID,CODE,DESCRIPTION) values ('1','APPLICATION_SERVER','server.type.application');
Insert into T_GPE_P_SERVER_TYPE (ID,CODE,DESCRIPTION) values ('2','DATABASE_SERVER','server.type.database');
Insert into T_GPE_P_SERVER_TYPE (ID,CODE,DESCRIPTION) values ('3','FTP_SERVER','server.type.ftp');

Insert into T_GPE_P_TASK_STATUS (ID,CODE,DESCRIPTION,COLOR) values ('1','FINISHED','task.status.finished','#4CAF50');
Insert into T_GPE_P_TASK_STATUS (ID,CODE,DESCRIPTION,COLOR) values ('2','SCHEDULED','task.status.scheduled','#3F51B5');
Insert into T_GPE_P_TASK_STATUS (ID,CODE,DESCRIPTION,COLOR) values ('3','STARTED','task.status.started','#00BCD4');
Insert into T_GPE_P_TASK_STATUS (ID,CODE,DESCRIPTION,COLOR) values ('4','STOPPED','task.status.stopped','#FF5722');
Insert into T_GPE_P_TASK_STATUS (ID,CODE,DESCRIPTION,COLOR) values ('5','BLOCKED','task.status.blocked','#F44336');
Insert into T_GPE_P_TASK_STATUS (ID,CODE,DESCRIPTION,COLOR) values ('6','PENDING','task.status.pending','#FFC107');
Insert into T_GPE_P_TASK_STATUS (ID,CODE,DESCRIPTION,COLOR) values ('7','ARCHIVED','task.status.archived','#607D8B');
Insert into T_GPE_P_TASK_STATUS (ID,CODE,DESCRIPTION,COLOR) values ('8','DRAFT','task.status.draft','#795548');
Insert into T_GPE_P_TASK_STATUS (ID,CODE,DESCRIPTION,COLOR) values ('9','DELAYED','task.status.delayed','#FF9800');
Insert into T_GPE_P_TASK_STATUS (ID,CODE,DESCRIPTION,COLOR) values ('10','BACKLOG','task.status.backlog','#607D8B');
Insert into T_GPE_P_TASK_STATUS (ID,CODE,DESCRIPTION,COLOR) values ('11','TODO','task.status.todo','#795548');
Insert into T_GPE_P_TASK_STATUS (ID,CODE,DESCRIPTION,COLOR) values ('12','IN_PROGRESS','task.status.inprogress','#00BCD4');
Insert into T_GPE_P_TASK_STATUS (ID,CODE,DESCRIPTION,COLOR) values ('13','TESTING','task.status.testing','#FFC107');
Insert into T_GPE_P_TASK_STATUS (ID,CODE,DESCRIPTION,COLOR) values ('14','DONE','task.status.done','#4CAF50');
Insert into T_GPE_P_TASK_STATUS (ID,CODE,DESCRIPTION,COLOR) values ('15','MEETING','task.status.meeting','#F44336');

Insert into T_GPE_P_TASK_TYPE (ID,CODE,DESCRIPTION) values ('1','SCRUM','task.type.scrum');
Insert into T_GPE_P_TASK_TYPE (ID,CODE,DESCRIPTION) values ('2','SYSTEM_PLANNING','task.type.system.planning');
Insert into T_GPE_P_TASK_TYPE (ID,CODE,DESCRIPTION) values ('3','SYSTEM_VIABILITY_REPORT','task.type.system.viability');
Insert into T_GPE_P_TASK_TYPE (ID,CODE,DESCRIPTION) values ('4','SYSTEM_ANALYSIS','task.type.system.analysis');
Insert into T_GPE_P_TASK_TYPE (ID,CODE,DESCRIPTION) values ('5','SYSTEM_DESIGN','task.type.system.design');
Insert into T_GPE_P_TASK_TYPE (ID,CODE,DESCRIPTION) values ('6','SYSTEM_CONSTRUCTION','task.type.system.construction');
Insert into T_GPE_P_TASK_TYPE (ID,CODE,DESCRIPTION) values ('7','SYSTEM_IMPLANTATION','task.type.system.implantation');
Insert into T_GPE_P_TASK_TYPE (ID,CODE,DESCRIPTION) values ('8','INITIAL_PROJECT_ACTIVITY','task.type.initial.project');

Insert into T_GPE_P_USER_CATEGORY (ID,CODE,DESCRIPTION) values ('1','PROJECT_MANAGER','user.category.project.manager');
Insert into T_GPE_P_USER_CATEGORY (ID,CODE,DESCRIPTION) values ('2','ANALYST','user.category.analyst');
Insert into T_GPE_P_USER_CATEGORY (ID,CODE,DESCRIPTION) values ('3','PROGRAMMER_ANALYST','user.category.programmer.analyst');
Insert into T_GPE_P_USER_CATEGORY (ID,CODE,DESCRIPTION) values ('4','SENIOR_PROGRAMMER','user.category.senior.programmer');
Insert into T_GPE_P_USER_CATEGORY (ID,CODE,DESCRIPTION) values ('5','JUNIOR_PROGRAMMER','user.category.junior.programmer');
Insert into T_GPE_P_USER_CATEGORY (ID,CODE,DESCRIPTION) values ('6','INTERN','user.category.intern');

Insert into T_GPE_M_USERS (ID,TIMESTAMP,VERSION,ATTEMPTS,BIRTHDAY,CITY,COUNTRY,EMAIL,EXPIRING_DATE,IDENTIFIER,IS_ENABLED,LAST_LOGIN,LOCKED,NAME,PASSWORD,PHONE,PHOTO_URL,SURNAME,ROLE_ID,USER_POSITION,VACATION_DAYS) values ('14',to_timestamp('31/08/16 00:06:51,781000000','DD/MM/RR HH24:MI:SSXFF'),'88','0',to_timestamp('21/07/89 00:00:00,000000000','DD/MM/RR HH24:MI:SSXFF'),'Sevilla','España','pablo.barrientos@us.es',to_timestamp('28/10/18 18:31:56,164000000','DD/MM/RR HH24:MI:SSXFF'),'49070704C','1',to_timestamp('28/08/16 18:31:56,164000000','DD/MM/RR HH24:MI:SSXFF'),'0','Pablo','$2a$05$twmlWH/VM7kJze9N/Z2SresCDzrCavnaPkWpKNFFIkCzTVODMhXHK','628830481','img/profile/pablo_barrientos.jpg','Barrientos','2','1','22');
Insert into T_GPE_M_USERS (ID,TIMESTAMP,VERSION,ATTEMPTS,BIRTHDAY,CITY,COUNTRY,EMAIL,EXPIRING_DATE,IDENTIFIER,IS_ENABLED,LAST_LOGIN,LOCKED,NAME,PASSWORD,PHONE,PHOTO_URL,SURNAME,ROLE_ID,USER_POSITION,VACATION_DAYS) values ('13',to_timestamp('09/06/16 13:02:58,063000000','DD/MM/RR HH24:MI:SSXFF'),'92','0',null,'Sevilla','España','admin@us.es',to_timestamp('31/10/18 00:42:19,120000000','DD/MM/RR HH24:MI:SSXFF'),'Admin','1',to_timestamp('31/08/18 00:42:19,120000000','DD/MM/RR HH24:MI:SSXFF'),'0','Administrador','$2a$05$twmlWH/VM7kJze9N/Z2SresCDzrCavnaPkWpKNFFIkCzTVODMhXHK',null,null,'Sistema','1','1','22');
Insert into T_GPE_M_USERS (ID,TIMESTAMP,VERSION,ATTEMPTS,BIRTHDAY,CITY,COUNTRY,EMAIL,EXPIRING_DATE,IDENTIFIER,IS_ENABLED,LAST_LOGIN,LOCKED,NAME,PASSWORD,PHONE,PHOTO_URL,SURNAME,ROLE_ID,USER_POSITION,VACATION_DAYS) values ('3',to_timestamp('31/08/16 00:06:51,781000000','DD/MM/RR HH24:MI:SSXFF'),'3','0',null,'Sevilla','España','maria.galan@us.es',to_timestamp('28/10/18 19:12:37,196000000','DD/MM/RR HH24:MI:SSXFF'),'33333333C','1',to_timestamp('28/08/16 19:12:37,196000000','DD/MM/RR HH24:MI:SSXFF'),'0','Maria','$2a$05$twmlWH/VM7kJze9N/Z2SresCDzrCavnaPkWpKNFFIkCzTVODMhXHK',null,'img/profile/maria_galan.jpg','Galán','3','2','22');
Insert into T_GPE_M_USERS (ID,TIMESTAMP,VERSION,ATTEMPTS,BIRTHDAY,CITY,COUNTRY,EMAIL,EXPIRING_DATE,IDENTIFIER,IS_ENABLED,LAST_LOGIN,LOCKED,NAME,PASSWORD,PHONE,PHOTO_URL,SURNAME,ROLE_ID,USER_POSITION,VACATION_DAYS) values ('4',to_timestamp('20/03/16 14:08:15,347000000','DD/MM/RR HH24:MI:SSXFF'),'1','0',null,'Sevilla','España','fernando.martinez@us.es',to_timestamp('28/10/18 19:14:26,872000000','DD/MM/RR HH24:MI:SSXFF'),'44444444D','1',to_timestamp('28/08/16 19:14:26,872000000','DD/MM/RR HH24:MI:SSXFF'),'0','Fernando','$2a$05$twmlWH/VM7kJze9N/Z2SresCDzrCavnaPkWpKNFFIkCzTVODMhXHK',null,'img/profile/fernando_martinez.jpg','Martinez','3','3','22');
Insert into T_GPE_M_USERS (ID,TIMESTAMP,VERSION,ATTEMPTS,BIRTHDAY,CITY,COUNTRY,EMAIL,EXPIRING_DATE,IDENTIFIER,IS_ENABLED,LAST_LOGIN,LOCKED,NAME,PASSWORD,PHONE,PHOTO_URL,SURNAME,ROLE_ID,USER_POSITION,VACATION_DAYS) values ('5',to_timestamp('31/08/16 00:06:51,781000000','DD/MM/RR HH24:MI:SSXFF'),'5','0',null,'Sevilla','España','francisco.gutierrez@us.es',to_timestamp('28/10/18 19:25:32,805000000','DD/MM/RR HH24:MI:SSXFF'),'55555555E','1',to_timestamp('28/08/16 19:25:32,805000000','DD/MM/RR HH24:MI:SSXFF'),'0','Francisco','$2a$05$twmlWH/VM7kJze9N/Z2SresCDzrCavnaPkWpKNFFIkCzTVODMhXHK',null,'img/profile/francisco_gutierrez.jpg','Gutierrez','4','4','22');
Insert into T_GPE_M_USERS (ID,TIMESTAMP,VERSION,ATTEMPTS,BIRTHDAY,CITY,COUNTRY,EMAIL,EXPIRING_DATE,IDENTIFIER,IS_ENABLED,LAST_LOGIN,LOCKED,NAME,PASSWORD,PHONE,PHOTO_URL,SURNAME,ROLE_ID,USER_POSITION,VACATION_DAYS) values ('6',to_timestamp('31/08/16 00:06:51,781000000','DD/MM/RR HH24:MI:SSXFF'),'2','0',null,'Sevilla','España','elena.salgado@us.es',to_timestamp('28/10/18 19:25:44,067000000','DD/MM/RR HH24:MI:SSXFF'),'66666666F','1',to_timestamp('28/08/16 19:25:44,067000000','DD/MM/RR HH24:MI:SSXFF'),'0','Elena','$2a$05$twmlWH/VM7kJze9N/Z2SresCDzrCavnaPkWpKNFFIkCzTVODMhXHK',null,'img/profile/elena_salgado.jpg','Salgado','4','4','22');
Insert into T_GPE_M_USERS (ID,TIMESTAMP,VERSION,ATTEMPTS,BIRTHDAY,CITY,COUNTRY,EMAIL,EXPIRING_DATE,IDENTIFIER,IS_ENABLED,LAST_LOGIN,LOCKED,NAME,PASSWORD,PHONE,PHOTO_URL,SURNAME,ROLE_ID,USER_POSITION,VACATION_DAYS) values ('7',to_timestamp('31/08/16 00:06:51,781000000','DD/MM/RR HH24:MI:SSXFF'),'5','0',null,'Sevilla','España','agustin.romero@us.es',to_timestamp('28/10/18 19:25:12,847000000','DD/MM/RR HH24:MI:SSXFF'),'77777777G','1',to_timestamp('28/08/16 19:25:12,847000000','DD/MM/RR HH24:MI:SSXFF'),'0','Agustin','$2a$05$twmlWH/VM7kJze9N/Z2SresCDzrCavnaPkWpKNFFIkCzTVODMhXHK',null,'img/profile/agustin_romero.jpg','Romero','4','4','22');
Insert into T_GPE_M_USERS (ID,TIMESTAMP,VERSION,ATTEMPTS,BIRTHDAY,CITY,COUNTRY,EMAIL,EXPIRING_DATE,IDENTIFIER,IS_ENABLED,LAST_LOGIN,LOCKED,NAME,PASSWORD,PHONE,PHOTO_URL,SURNAME,ROLE_ID,USER_POSITION,VACATION_DAYS) values ('8',to_timestamp('31/08/16 00:06:51,781000000','DD/MM/RR HH24:MI:SSXFF'),'2','0',null,'Sevilla','España','javier.gimeno@us.es',to_timestamp('28/10/18 19:25:03,634000000','DD/MM/RR HH24:MI:SSXFF'),'88888888H','1',to_timestamp('28/08/16 19:25:03,634000000','DD/MM/RR HH24:MI:SSXFF'),'0','Javier','$2a$05$twmlWH/VM7kJze9N/Z2SresCDzrCavnaPkWpKNFFIkCzTVODMhXHK',null,'img/profile/javier_gimeno.jpg','Gimeno','4','5','22');
Insert into T_GPE_M_USERS (ID,TIMESTAMP,VERSION,ATTEMPTS,BIRTHDAY,CITY,COUNTRY,EMAIL,EXPIRING_DATE,IDENTIFIER,IS_ENABLED,LAST_LOGIN,LOCKED,NAME,PASSWORD,PHONE,PHOTO_URL,SURNAME,ROLE_ID,USER_POSITION,VACATION_DAYS) values ('9',to_timestamp('28/08/16 17:31:48,993000000','DD/MM/RR HH24:MI:SSXFF'),'6','0',null,'Sevilla','España','antonio.ginesta@us.es',to_timestamp('28/10/18 19:35:33,308000000','DD/MM/RR HH24:MI:SSXFF'),'99999999I','1',to_timestamp('28/08/16 19:35:33,308000000','DD/MM/RR HH24:MI:SSXFF'),'0','Antonio','$2a$05$twmlWH/VM7kJze9N/Z2SresCDzrCavnaPkWpKNFFIkCzTVODMhXHK',null,'img/profile/antonio_ginesta.jpg','Ginesta','4','5','22');
Insert into T_GPE_M_USERS (ID,TIMESTAMP,VERSION,ATTEMPTS,BIRTHDAY,CITY,COUNTRY,EMAIL,EXPIRING_DATE,IDENTIFIER,IS_ENABLED,LAST_LOGIN,LOCKED,NAME,PASSWORD,PHONE,PHOTO_URL,SURNAME,ROLE_ID,USER_POSITION,VACATION_DAYS) values ('10',to_timestamp('20/03/16 14:08:15,347000000','DD/MM/RR HH24:MI:SSXFF'),'1','0',null,'Sevilla','España','julia.lobato@us.es',to_timestamp('28/10/18 19:24:42,421000000','DD/MM/RR HH24:MI:SSXFF'),'10101010J','1',to_timestamp('28/08/16 19:24:42,421000000','DD/MM/RR HH24:MI:SSXFF'),'0','Julia','$2a$05$twmlWH/VM7kJze9N/Z2SresCDzrCavnaPkWpKNFFIkCzTVODMhXHK',null,'img/profile/julia_lobato.jpg','Lobato','4','5','22');
Insert into T_GPE_M_USERS (ID,TIMESTAMP,VERSION,ATTEMPTS,BIRTHDAY,CITY,COUNTRY,EMAIL,EXPIRING_DATE,IDENTIFIER,IS_ENABLED,LAST_LOGIN,LOCKED,NAME,PASSWORD,PHONE,PHOTO_URL,SURNAME,ROLE_ID,USER_POSITION,VACATION_DAYS) values ('11',to_timestamp('20/03/16 14:08:15,347000000','DD/MM/RR HH24:MI:SSXFF'),'1','0',null,'Sevilla','España','angel.suarez@us.es',to_timestamp('28/10/18 19:24:53,249000000','DD/MM/RR HH24:MI:SSXFF'),'12121212K','1',to_timestamp('28/08/16 19:24:53,249000000','DD/MM/RR HH24:MI:SSXFF'),'0','Angel','$2a$05$twmlWH/VM7kJze9N/Z2SresCDzrCavnaPkWpKNFFIkCzTVODMhXHK',null,'img/profile/angel_suarez.jpg','Suarez','4','5','22');
Insert into T_GPE_M_USERS (ID,TIMESTAMP,VERSION,ATTEMPTS,BIRTHDAY,CITY,COUNTRY,EMAIL,EXPIRING_DATE,IDENTIFIER,IS_ENABLED,LAST_LOGIN,LOCKED,NAME,PASSWORD,PHONE,PHOTO_URL,SURNAME,ROLE_ID,USER_POSITION,VACATION_DAYS) values ('12',to_timestamp('20/03/16 14:08:15,347000000','DD/MM/RR HH24:MI:SSXFF'),'1','0',null,'Sevilla','España','alberto.salas@us.es',to_timestamp('28/10/18 19:25:21,150000000','DD/MM/RR HH24:MI:SSXFF'),'13131313L','1',to_timestamp('28/08/16 19:25:21,150000000','DD/MM/RR HH24:MI:SSXFF'),'0','Alberto','$2a$05$twmlWH/VM7kJze9N/Z2SresCDzrCavnaPkWpKNFFIkCzTVODMhXHK',null,'img/profile/alberto_salas.jpg','Salas','4','6','22');

Insert into T_GPE_M_PROJECTS (ID,TIMESTAMP,VERSION,ARCHIVED,CREATED_BY,CVS_CODE,DELETED,DESCRIPTION,END_DATE,LAST_EDITION_BY,NAME,PROJECT_CODE,PROJECT_LOGO,PROJECT_TITLE,START_DATE,PROJECT_LEADER,METHODOLOGY,PRODUCT_OWNER,SCRUM_MASTER) values ('42',to_timestamp('31/08/16 00:06:50,478000000','DD/MM/RR HH24:MI:SSXFF'),'0','0','Admin',null,'0','AngularJS lets you write client-side web applications as if you had a smarter browser. It lets you use good old HTML (or HAML, Jade and friends!) as your template language and lets you extend HTMLs syntax to express your applications components clearly and succinctly. It automatically synchronizes data from your UI (view) with your JavaScript objects (model) through 2-way data binding. To help you structure your application better and make it easy to test, AngularJS teaches the browser how to do dependency injection and inversion of control.',null,'Admin','Angular JS','ANGJS','img/projectLogos/angularjs-logo.jpg','ANG',to_timestamp('01/08/16 00:00:00,000000000','DD/MM/RR HH24:MI:SSXFF'),'14','2',null,null);

Insert into T_GPE_M_REQUIREMENTS (ID,TIMESTAMP,VERSION,ARCHIVED,CVS_CODE,DESCRIPTION,END_DATE,HOURS,NAME,REQUIREMENT_CODE,START_DATE,CREATED_BY,LAST_EDITION_BY,PROJECT_ID) values ('42',to_timestamp('31/08/16 00:05:59,188000000','DD/MM/RR HH24:MI:SSXFF'),'0','0',null,null,to_timestamp('31/12/16 00:00:00,000000000','DD/MM/RR HH24:MI:SSXFF'),'5000','Angular JS 2.0','ANG-REQ0001',to_timestamp('01/08/16 00:00:00,000000000','DD/MM/RR HH24:MI:SSXFF'),'13','13','42');

Insert into T_GPE_M_GOALS (ID,TIMESTAMP,VERSION,ACHIEVED,DESCRIPTION,PRIORITY,TITLE,REQUIREMENT_ID) values ('42',to_timestamp('31/08/16 00:05:59,199000000','DD/MM/RR HH24:MI:SSXFF'),'0','0','Construcción inicial del proyecto','0','Construcción','42');

Insert into T_GPE_M_TASKS (ID,TIMESTAMP,VERSION,CODE,DESCRIPTION,END_DATE,HOURS,MANAGEMENT,NAME,START_DATE,CREATED_BY,LAST_EDITION_BY,PARENT_ID,REQUIREMENT_ID,TASK_PRIORITY_ID,TASK_STATUS_ID,TASK_TYPE_ID) values ('293',to_timestamp('31/08/16 00:06:27,731000000','DD/MM/RR HH24:MI:SSXFF'),'0','ANG-REQ0001-PSI','Planificación Sistemas de Información',to_timestamp('09/08/16 15:03:00,000000000','DD/MM/RR HH24:MI:SSXFF'),'312.3','1',null,to_timestamp('01/08/16 08:00:00,000000000','DD/MM/RR HH24:MI:SSXFF'),'13','13',null,'42',null,'6','2');
Insert into T_GPE_M_TASKS (ID,TIMESTAMP,VERSION,CODE,DESCRIPTION,END_DATE,HOURS,MANAGEMENT,NAME,START_DATE,CREATED_BY,LAST_EDITION_BY,PARENT_ID,REQUIREMENT_ID,TASK_PRIORITY_ID,TASK_STATUS_ID,TASK_TYPE_ID) values ('284',to_timestamp('31/08/16 00:06:27,731000000','DD/MM/RR HH24:MI:SSXFF'),'1','ANG-REQ0001-PSI-1','Inicio del plan de sistemas de información',to_timestamp('01/08/16 14:07:00,000000000','DD/MM/RR HH24:MI:SSXFF'),'34.7','1',null,to_timestamp('01/08/16 08:00:00,000000000','DD/MM/RR HH24:MI:SSXFF'),'13','13','293','42',null,'6','2');
Insert into T_GPE_M_TASKS (ID,TIMESTAMP,VERSION,CODE,DESCRIPTION,END_DATE,HOURS,MANAGEMENT,NAME,START_DATE,CREATED_BY,LAST_EDITION_BY,PARENT_ID,REQUIREMENT_ID,TASK_PRIORITY_ID,TASK_STATUS_ID,TASK_TYPE_ID) values ('285',to_timestamp('31/08/16 00:06:27,731000000','DD/MM/RR HH24:MI:SSXFF'),'1','ANG-REQ0001-PSI-2','Definición y organización del PSI',to_timestamp('02/08/16 12:14:00,000000000','DD/MM/RR HH24:MI:SSXFF'),'34.7','1',null,to_timestamp('01/08/16 14:07:00,000000000','DD/MM/RR HH24:MI:SSXFF'),'13','13','293','42',null,'6','2');
Insert into T_GPE_M_TASKS (ID,TIMESTAMP,VERSION,CODE,DESCRIPTION,END_DATE,HOURS,MANAGEMENT,NAME,START_DATE,CREATED_BY,LAST_EDITION_BY,PARENT_ID,REQUIREMENT_ID,TASK_PRIORITY_ID,TASK_STATUS_ID,TASK_TYPE_ID) values ('286',to_timestamp('31/08/16 00:06:27,731000000','DD/MM/RR HH24:MI:SSXFF'),'1','ANG-REQ0001-PSI-3','Estudio de la información relevante',to_timestamp('03/08/16 10:21:00,000000000','DD/MM/RR HH24:MI:SSXFF'),'34.7','1',null,to_timestamp('02/08/16 12:14:00,000000000','DD/MM/RR HH24:MI:SSXFF'),'13','13','293','42',null,'6','2');
Insert into T_GPE_M_TASKS (ID,TIMESTAMP,VERSION,CODE,DESCRIPTION,END_DATE,HOURS,MANAGEMENT,NAME,START_DATE,CREATED_BY,LAST_EDITION_BY,PARENT_ID,REQUIREMENT_ID,TASK_PRIORITY_ID,TASK_STATUS_ID,TASK_TYPE_ID) values ('287',to_timestamp('31/08/16 00:06:27,731000000','DD/MM/RR HH24:MI:SSXFF'),'1','ANG-REQ0001-PSI-4','Identificación de requisitos',to_timestamp('04/08/16 08:28:00,000000000','DD/MM/RR HH24:MI:SSXFF'),'34.7','1',null,to_timestamp('03/08/16 10:21:00,000000000','DD/MM/RR HH24:MI:SSXFF'),'13','13','293','42',null,'6','2');
Insert into T_GPE_M_TASKS (ID,TIMESTAMP,VERSION,CODE,DESCRIPTION,END_DATE,HOURS,MANAGEMENT,NAME,START_DATE,CREATED_BY,LAST_EDITION_BY,PARENT_ID,REQUIREMENT_ID,TASK_PRIORITY_ID,TASK_STATUS_ID,TASK_TYPE_ID) values ('288',to_timestamp('31/08/16 00:06:27,731000000','DD/MM/RR HH24:MI:SSXFF'),'1','ANG-REQ0001-PSI-5','Estudio de los sistemas de información actuales',to_timestamp('04/08/16 14:35:00,000000000','DD/MM/RR HH24:MI:SSXFF'),'34.7','1',null,to_timestamp('04/08/16 08:28:00,000000000','DD/MM/RR HH24:MI:SSXFF'),'13','13','293','42',null,'6','2');
Insert into T_GPE_M_TASKS (ID,TIMESTAMP,VERSION,CODE,DESCRIPTION,END_DATE,HOURS,MANAGEMENT,NAME,START_DATE,CREATED_BY,LAST_EDITION_BY,PARENT_ID,REQUIREMENT_ID,TASK_PRIORITY_ID,TASK_STATUS_ID,TASK_TYPE_ID) values ('289',to_timestamp('31/08/16 00:06:27,731000000','DD/MM/RR HH24:MI:SSXFF'),'1','ANG-REQ0001-PSI-6','Diseño del modelo de sistemas información',to_timestamp('05/08/16 12:42:00,000000000','DD/MM/RR HH24:MI:SSXFF'),'34.7','1',null,to_timestamp('04/08/16 14:35:00,000000000','DD/MM/RR HH24:MI:SSXFF'),'13','13','293','42',null,'6','2');
Insert into T_GPE_M_TASKS (ID,TIMESTAMP,VERSION,CODE,DESCRIPTION,END_DATE,HOURS,MANAGEMENT,NAME,START_DATE,CREATED_BY,LAST_EDITION_BY,PARENT_ID,REQUIREMENT_ID,TASK_PRIORITY_ID,TASK_STATUS_ID,TASK_TYPE_ID) values ('290',to_timestamp('31/08/16 00:06:27,731000000','DD/MM/RR HH24:MI:SSXFF'),'1','ANG-REQ0001-PSI-7','Definición de la arquitectura tecnológica',to_timestamp('08/08/16 10:49:00,000000000','DD/MM/RR HH24:MI:SSXFF'),'34.7','1',null,to_timestamp('05/08/16 12:42:00,000000000','DD/MM/RR HH24:MI:SSXFF'),'13','13','293','42',null,'6','2');
Insert into T_GPE_M_TASKS (ID,TIMESTAMP,VERSION,CODE,DESCRIPTION,END_DATE,HOURS,MANAGEMENT,NAME,START_DATE,CREATED_BY,LAST_EDITION_BY,PARENT_ID,REQUIREMENT_ID,TASK_PRIORITY_ID,TASK_STATUS_ID,TASK_TYPE_ID) values ('291',to_timestamp('31/08/16 00:06:27,731000000','DD/MM/RR HH24:MI:SSXFF'),'1','ANG-REQ0001-PSI-8','Definición del plan de acción',to_timestamp('09/08/16 08:56:00,000000000','DD/MM/RR HH24:MI:SSXFF'),'34.7','1',null,to_timestamp('08/08/16 10:49:00,000000000','DD/MM/RR HH24:MI:SSXFF'),'13','13','293','42',null,'6','2');
Insert into T_GPE_M_TASKS (ID,TIMESTAMP,VERSION,CODE,DESCRIPTION,END_DATE,HOURS,MANAGEMENT,NAME,START_DATE,CREATED_BY,LAST_EDITION_BY,PARENT_ID,REQUIREMENT_ID,TASK_PRIORITY_ID,TASK_STATUS_ID,TASK_TYPE_ID) values ('292',to_timestamp('31/08/16 00:06:27,731000000','DD/MM/RR HH24:MI:SSXFF'),'1','ANG-REQ0001-PSI-9','Revisión y aprobación del PSI',to_timestamp('09/08/16 15:03:00,000000000','DD/MM/RR HH24:MI:SSXFF'),'34.7','1',null,to_timestamp('09/08/16 08:56:00,000000000','DD/MM/RR HH24:MI:SSXFF'),'13','13','293','42',null,'6','2');
Insert into T_GPE_M_TASKS (ID,TIMESTAMP,VERSION,CODE,DESCRIPTION,END_DATE,HOURS,MANAGEMENT,NAME,START_DATE,CREATED_BY,LAST_EDITION_BY,PARENT_ID,REQUIREMENT_ID,TASK_PRIORITY_ID,TASK_STATUS_ID,TASK_TYPE_ID) values ('300',to_timestamp('31/08/16 00:06:27,731000000','DD/MM/RR HH24:MI:SSXFF'),'0','ANG-REQ0001-EV','Estudio Viabilidad del Sistema',to_timestamp('18/08/16 14:03:00,000000000','DD/MM/RR HH24:MI:SSXFF'),'312.59998','1',null,to_timestamp('09/08/16 15:03:00,000000000','DD/MM/RR HH24:MI:SSXFF'),'13','13',null,'42',null,'6','3');
Insert into T_GPE_M_TASKS (ID,TIMESTAMP,VERSION,CODE,DESCRIPTION,END_DATE,HOURS,MANAGEMENT,NAME,START_DATE,CREATED_BY,LAST_EDITION_BY,PARENT_ID,REQUIREMENT_ID,TASK_PRIORITY_ID,TASK_STATUS_ID,TASK_TYPE_ID) values ('294',to_timestamp('31/08/16 00:06:27,731000000','DD/MM/RR HH24:MI:SSXFF'),'1','ANG-REQ0001-EVS-1','Establecimiento del alcance del sistema',to_timestamp('11/08/16 08:13:00,000000000','DD/MM/RR HH24:MI:SSXFF'),'52.1','1',null,to_timestamp('09/08/16 15:03:00,000000000','DD/MM/RR HH24:MI:SSXFF'),'13','13','300','42',null,'6','3');
Insert into T_GPE_M_TASKS (ID,TIMESTAMP,VERSION,CODE,DESCRIPTION,END_DATE,HOURS,MANAGEMENT,NAME,START_DATE,CREATED_BY,LAST_EDITION_BY,PARENT_ID,REQUIREMENT_ID,TASK_PRIORITY_ID,TASK_STATUS_ID,TASK_TYPE_ID) values ('295',to_timestamp('31/08/16 00:06:27,731000000','DD/MM/RR HH24:MI:SSXFF'),'1','ANG-REQ0001-EVS-2','Estudio de la situación actual',to_timestamp('12/08/16 09:23:00,000000000','DD/MM/RR HH24:MI:SSXFF'),'52.1','1',null,to_timestamp('11/08/16 08:13:00,000000000','DD/MM/RR HH24:MI:SSXFF'),'13','13','300','42',null,'6','3');
Insert into T_GPE_M_TASKS (ID,TIMESTAMP,VERSION,CODE,DESCRIPTION,END_DATE,HOURS,MANAGEMENT,NAME,START_DATE,CREATED_BY,LAST_EDITION_BY,PARENT_ID,REQUIREMENT_ID,TASK_PRIORITY_ID,TASK_STATUS_ID,TASK_TYPE_ID) values ('296',to_timestamp('31/08/16 00:06:27,731000000','DD/MM/RR HH24:MI:SSXFF'),'1','ANG-REQ0001-EVS-3','Definición de requisitos del sistema',to_timestamp('15/08/16 10:33:00,000000000','DD/MM/RR HH24:MI:SSXFF'),'52.1','1',null,to_timestamp('12/08/16 09:23:00,000000000','DD/MM/RR HH24:MI:SSXFF'),'13','13','300','42',null,'6','3');
Insert into T_GPE_M_TASKS (ID,TIMESTAMP,VERSION,CODE,DESCRIPTION,END_DATE,HOURS,MANAGEMENT,NAME,START_DATE,CREATED_BY,LAST_EDITION_BY,PARENT_ID,REQUIREMENT_ID,TASK_PRIORITY_ID,TASK_STATUS_ID,TASK_TYPE_ID) values ('297',to_timestamp('31/08/16 00:06:27,731000000','DD/MM/RR HH24:MI:SSXFF'),'1','ANG-REQ0001-EVS-4','Estudio de alternativas de solución',to_timestamp('16/08/16 11:43:00,000000000','DD/MM/RR HH24:MI:SSXFF'),'52.1','1',null,to_timestamp('15/08/16 10:33:00,000000000','DD/MM/RR HH24:MI:SSXFF'),'13','13','300','42',null,'6','3');
Insert into T_GPE_M_TASKS (ID,TIMESTAMP,VERSION,CODE,DESCRIPTION,END_DATE,HOURS,MANAGEMENT,NAME,START_DATE,CREATED_BY,LAST_EDITION_BY,PARENT_ID,REQUIREMENT_ID,TASK_PRIORITY_ID,TASK_STATUS_ID,TASK_TYPE_ID) values ('298',to_timestamp('31/08/16 00:06:27,731000000','DD/MM/RR HH24:MI:SSXFF'),'1','ANG-REQ0001-EVS-5','Valoración de las alternativas',to_timestamp('17/08/16 12:53:00,000000000','DD/MM/RR HH24:MI:SSXFF'),'52.1','1',null,to_timestamp('16/08/16 11:43:00,000000000','DD/MM/RR HH24:MI:SSXFF'),'13','13','300','42',null,'6','3');
Insert into T_GPE_M_TASKS (ID,TIMESTAMP,VERSION,CODE,DESCRIPTION,END_DATE,HOURS,MANAGEMENT,NAME,START_DATE,CREATED_BY,LAST_EDITION_BY,PARENT_ID,REQUIREMENT_ID,TASK_PRIORITY_ID,TASK_STATUS_ID,TASK_TYPE_ID) values ('299',to_timestamp('31/08/16 00:06:27,731000000','DD/MM/RR HH24:MI:SSXFF'),'1','ANG-REQ0001-EVS-6','Selección de la solución',to_timestamp('18/08/16 14:03:00,000000000','DD/MM/RR HH24:MI:SSXFF'),'52.1','1',null,to_timestamp('17/08/16 12:53:00,000000000','DD/MM/RR HH24:MI:SSXFF'),'13','13','300','42',null,'6','3');
Insert into T_GPE_M_TASKS (ID,TIMESTAMP,VERSION,CODE,DESCRIPTION,END_DATE,HOURS,MANAGEMENT,NAME,START_DATE,CREATED_BY,LAST_EDITION_BY,PARENT_ID,REQUIREMENT_ID,TASK_PRIORITY_ID,TASK_STATUS_ID,TASK_TYPE_ID) values ('303',to_timestamp('31/08/16 00:06:27,731000000','DD/MM/RR HH24:MI:SSXFF'),'0','ANG-REQ0001-GPI','Actividades de Inicio del Proyecto',to_timestamp('29/08/16 13:03:00,000000000','DD/MM/RR HH24:MI:SSXFF'),'312.4','1',null,to_timestamp('18/08/16 14:03:00,000000000','DD/MM/RR HH24:MI:SSXFF'),'13','13',null,'42',null,'6','8');
Insert into T_GPE_M_TASKS (ID,TIMESTAMP,VERSION,CODE,DESCRIPTION,END_DATE,HOURS,MANAGEMENT,NAME,START_DATE,CREATED_BY,LAST_EDITION_BY,PARENT_ID,REQUIREMENT_ID,TASK_PRIORITY_ID,TASK_STATUS_ID,TASK_TYPE_ID) values ('301',to_timestamp('31/08/16 00:06:27,731000000','DD/MM/RR HH24:MI:SSXFF'),'1','ANG-REQ0001-GPI-1','Estimación de Esfuerzo',to_timestamp('24/08/16 09:33:00,000000000','DD/MM/RR HH24:MI:SSXFF'),'156.2','1',null,to_timestamp('18/08/16 14:03:00,000000000','DD/MM/RR HH24:MI:SSXFF'),'13','13','303','42',null,'6','8');
Insert into T_GPE_M_TASKS (ID,TIMESTAMP,VERSION,CODE,DESCRIPTION,END_DATE,HOURS,MANAGEMENT,NAME,START_DATE,CREATED_BY,LAST_EDITION_BY,PARENT_ID,REQUIREMENT_ID,TASK_PRIORITY_ID,TASK_STATUS_ID,TASK_TYPE_ID) values ('302',to_timestamp('31/08/16 00:06:27,731000000','DD/MM/RR HH24:MI:SSXFF'),'1','ANG-REQ0001GPI-2','Planificación',to_timestamp('29/08/16 13:03:00,000000000','DD/MM/RR HH24:MI:SSXFF'),'156.2','1',null,to_timestamp('24/08/16 09:33:00,000000000','DD/MM/RR HH24:MI:SSXFF'),'13','13','303','42',null,'6','8');
Insert into T_GPE_M_TASKS (ID,TIMESTAMP,VERSION,CODE,DESCRIPTION,END_DATE,HOURS,MANAGEMENT,NAME,START_DATE,CREATED_BY,LAST_EDITION_BY,PARENT_ID,REQUIREMENT_ID,TASK_PRIORITY_ID,TASK_STATUS_ID,TASK_TYPE_ID) values ('313',to_timestamp('31/08/16 00:06:27,731000000','DD/MM/RR HH24:MI:SSXFF'),'0','ANG-REQ0001-ASI','Análisis del Sistema de Información',to_timestamp('27/09/16 10:03:00,000000000','DD/MM/RR HH24:MI:SSXFF'),'937.8','1',null,to_timestamp('29/08/16 13:03:00,000000000','DD/MM/RR HH24:MI:SSXFF'),'13','13',null,'42',null,'6','4');
Insert into T_GPE_M_TASKS (ID,TIMESTAMP,VERSION,CODE,DESCRIPTION,END_DATE,HOURS,MANAGEMENT,NAME,START_DATE,CREATED_BY,LAST_EDITION_BY,PARENT_ID,REQUIREMENT_ID,TASK_PRIORITY_ID,TASK_STATUS_ID,TASK_TYPE_ID) values ('304',to_timestamp('31/08/16 00:06:27,731000000','DD/MM/RR HH24:MI:SSXFF'),'1','ANG-REQ0001-ASI-1','Definición del sistema',to_timestamp('31/08/16 15:23:00,000000000','DD/MM/RR HH24:MI:SSXFF'),'104.2','1',null,to_timestamp('29/08/16 13:03:00,000000000','DD/MM/RR HH24:MI:SSXFF'),'13','13','313','42',null,'6','4');
Insert into T_GPE_M_TASKS (ID,TIMESTAMP,VERSION,CODE,DESCRIPTION,END_DATE,HOURS,MANAGEMENT,NAME,START_DATE,CREATED_BY,LAST_EDITION_BY,PARENT_ID,REQUIREMENT_ID,TASK_PRIORITY_ID,TASK_STATUS_ID,TASK_TYPE_ID) values ('305',to_timestamp('31/08/16 00:06:27,731000000','DD/MM/RR HH24:MI:SSXFF'),'1','ANG-REQ0001-ASI-2','Establecimiento de requisitos',to_timestamp('05/09/16 09:43:00,000000000','DD/MM/RR HH24:MI:SSXFF'),'104.2','1',null,to_timestamp('31/08/16 15:23:00,000000000','DD/MM/RR HH24:MI:SSXFF'),'13','13','313','42',null,'6','4');
Insert into T_GPE_M_TASKS (ID,TIMESTAMP,VERSION,CODE,DESCRIPTION,END_DATE,HOURS,MANAGEMENT,NAME,START_DATE,CREATED_BY,LAST_EDITION_BY,PARENT_ID,REQUIREMENT_ID,TASK_PRIORITY_ID,TASK_STATUS_ID,TASK_TYPE_ID) values ('306',to_timestamp('31/08/16 00:06:27,731000000','DD/MM/RR HH24:MI:SSXFF'),'1','ANG-REQ0001-ASI-3','Identificación de los subsistemas de análisis',to_timestamp('07/09/16 12:03:00,000000000','DD/MM/RR HH24:MI:SSXFF'),'104.2','1',null,to_timestamp('05/09/16 09:43:00,000000000','DD/MM/RR HH24:MI:SSXFF'),'13','13','313','42',null,'6','4');
Insert into T_GPE_M_TASKS (ID,TIMESTAMP,VERSION,CODE,DESCRIPTION,END_DATE,HOURS,MANAGEMENT,NAME,START_DATE,CREATED_BY,LAST_EDITION_BY,PARENT_ID,REQUIREMENT_ID,TASK_PRIORITY_ID,TASK_STATUS_ID,TASK_TYPE_ID) values ('307',to_timestamp('31/08/16 00:06:27,731000000','DD/MM/RR HH24:MI:SSXFF'),'1','ANG-REQ0001-ASI-4','Análisis de los casos de uso',to_timestamp('09/09/16 14:23:00,000000000','DD/MM/RR HH24:MI:SSXFF'),'104.2','1',null,to_timestamp('07/09/16 12:03:00,000000000','DD/MM/RR HH24:MI:SSXFF'),'13','13','313','42',null,'6','4');
Insert into T_GPE_M_TASKS (ID,TIMESTAMP,VERSION,CODE,DESCRIPTION,END_DATE,HOURS,MANAGEMENT,NAME,START_DATE,CREATED_BY,LAST_EDITION_BY,PARENT_ID,REQUIREMENT_ID,TASK_PRIORITY_ID,TASK_STATUS_ID,TASK_TYPE_ID) values ('308',to_timestamp('31/08/16 00:06:27,731000000','DD/MM/RR HH24:MI:SSXFF'),'1','ANG-REQ0001-ASI-5','Análisis de clases',to_timestamp('14/09/16 08:43:00,000000000','DD/MM/RR HH24:MI:SSXFF'),'104.2','1',null,to_timestamp('09/09/16 14:23:00,000000000','DD/MM/RR HH24:MI:SSXFF'),'13','13','313','42',null,'6','4');
Insert into T_GPE_M_TASKS (ID,TIMESTAMP,VERSION,CODE,DESCRIPTION,END_DATE,HOURS,MANAGEMENT,NAME,START_DATE,CREATED_BY,LAST_EDITION_BY,PARENT_ID,REQUIREMENT_ID,TASK_PRIORITY_ID,TASK_STATUS_ID,TASK_TYPE_ID) values ('309',to_timestamp('31/08/16 00:06:27,731000000','DD/MM/RR HH24:MI:SSXFF'),'1','ANG-REQ0001-ASI-8','Definición de interfaces de usuaroi',to_timestamp('16/09/16 11:03:00,000000000','DD/MM/RR HH24:MI:SSXFF'),'104.2','1',null,to_timestamp('14/09/16 08:43:00,000000000','DD/MM/RR HH24:MI:SSXFF'),'13','13','313','42',null,'6','4');
Insert into T_GPE_M_TASKS (ID,TIMESTAMP,VERSION,CODE,DESCRIPTION,END_DATE,HOURS,MANAGEMENT,NAME,START_DATE,CREATED_BY,LAST_EDITION_BY,PARENT_ID,REQUIREMENT_ID,TASK_PRIORITY_ID,TASK_STATUS_ID,TASK_TYPE_ID) values ('310',to_timestamp('31/08/16 00:06:27,731000000','DD/MM/RR HH24:MI:SSXFF'),'1','ANG-REQ0001-ASI-9','Análisis de consistencia y especificación de requisitos',to_timestamp('20/09/16 13:23:00,000000000','DD/MM/RR HH24:MI:SSXFF'),'104.2','1',null,to_timestamp('16/09/16 11:03:00,000000000','DD/MM/RR HH24:MI:SSXFF'),'13','13','313','42',null,'6','4');
Insert into T_GPE_M_TASKS (ID,TIMESTAMP,VERSION,CODE,DESCRIPTION,END_DATE,HOURS,MANAGEMENT,NAME,START_DATE,CREATED_BY,LAST_EDITION_BY,PARENT_ID,REQUIREMENT_ID,TASK_PRIORITY_ID,TASK_STATUS_ID,TASK_TYPE_ID) values ('311',to_timestamp('31/08/16 00:06:27,731000000','DD/MM/RR HH24:MI:SSXFF'),'1','ANG-REQ0001-ASI-10','Especificación del plan de pruebas',to_timestamp('22/09/16 15:43:00,000000000','DD/MM/RR HH24:MI:SSXFF'),'104.2','1',null,to_timestamp('20/09/16 13:23:00,000000000','DD/MM/RR HH24:MI:SSXFF'),'13','13','313','42',null,'6','4');
Insert into T_GPE_M_TASKS (ID,TIMESTAMP,VERSION,CODE,DESCRIPTION,END_DATE,HOURS,MANAGEMENT,NAME,START_DATE,CREATED_BY,LAST_EDITION_BY,PARENT_ID,REQUIREMENT_ID,TASK_PRIORITY_ID,TASK_STATUS_ID,TASK_TYPE_ID) values ('312',to_timestamp('31/08/16 00:06:27,731000000','DD/MM/RR HH24:MI:SSXFF'),'1','ANG-REQ0001-ASI-11','Aprobación del ASI',to_timestamp('27/09/16 10:03:00,000000000','DD/MM/RR HH24:MI:SSXFF'),'104.2','1',null,to_timestamp('22/09/16 15:43:00,000000000','DD/MM/RR HH24:MI:SSXFF'),'13','13','313','42',null,'6','4');
Insert into T_GPE_M_TASKS (ID,TIMESTAMP,VERSION,CODE,DESCRIPTION,END_DATE,HOURS,MANAGEMENT,NAME,START_DATE,CREATED_BY,LAST_EDITION_BY,PARENT_ID,REQUIREMENT_ID,TASK_PRIORITY_ID,TASK_STATUS_ID,TASK_TYPE_ID) values ('325',to_timestamp('31/08/16 00:06:27,731000000','DD/MM/RR HH24:MI:SSXFF'),'0','ANG-REQ0001-DSI','Diseño del Sistema de Información',to_timestamp('03/11/16 14:03:00,000000000','DD/MM/RR HH24:MI:SSXFF'),'1254','1',null,to_timestamp('27/09/16 10:03:00,000000000','DD/MM/RR HH24:MI:SSXFF'),'13','13',null,'42',null,'6','5');
Insert into T_GPE_M_TASKS (ID,TIMESTAMP,VERSION,CODE,DESCRIPTION,END_DATE,HOURS,MANAGEMENT,NAME,START_DATE,CREATED_BY,LAST_EDITION_BY,PARENT_ID,REQUIREMENT_ID,TASK_PRIORITY_ID,TASK_STATUS_ID,TASK_TYPE_ID) values ('314',to_timestamp('31/08/16 00:06:27,731000000','DD/MM/RR HH24:MI:SSXFF'),'1','ANG-REQ0001-DSI-1','Definición de la arquitectura del sistema',to_timestamp('29/09/16 14:03:00,000000000','DD/MM/RR HH24:MI:SSXFF'),'114','1',null,to_timestamp('27/09/16 10:03:00,000000000','DD/MM/RR HH24:MI:SSXFF'),'13','13','325','42',null,'6','5');
Insert into T_GPE_M_TASKS (ID,TIMESTAMP,VERSION,CODE,DESCRIPTION,END_DATE,HOURS,MANAGEMENT,NAME,START_DATE,CREATED_BY,LAST_EDITION_BY,PARENT_ID,REQUIREMENT_ID,TASK_PRIORITY_ID,TASK_STATUS_ID,TASK_TYPE_ID) values ('315',to_timestamp('31/08/16 00:06:27,731000000','DD/MM/RR HH24:MI:SSXFF'),'1','ANG-REQ0001-DSI-2','Diseño de la arquitectura de soporte',to_timestamp('04/10/16 10:03:00,000000000','DD/MM/RR HH24:MI:SSXFF'),'114','1',null,to_timestamp('29/09/16 14:03:00,000000000','DD/MM/RR HH24:MI:SSXFF'),'13','13','325','42',null,'6','5');
Insert into T_GPE_M_TASKS (ID,TIMESTAMP,VERSION,CODE,DESCRIPTION,END_DATE,HOURS,MANAGEMENT,NAME,START_DATE,CREATED_BY,LAST_EDITION_BY,PARENT_ID,REQUIREMENT_ID,TASK_PRIORITY_ID,TASK_STATUS_ID,TASK_TYPE_ID) values ('316',to_timestamp('31/08/16 00:06:27,731000000','DD/MM/RR HH24:MI:SSXFF'),'1','ANG-REQ0001-DSI-3','Diseño de casos de uso reales',to_timestamp('06/10/16 14:03:00,000000000','DD/MM/RR HH24:MI:SSXFF'),'114','1',null,to_timestamp('04/10/16 10:03:00,000000000','DD/MM/RR HH24:MI:SSXFF'),'13','13','325','42',null,'6','5');
Insert into T_GPE_M_TASKS (ID,TIMESTAMP,VERSION,CODE,DESCRIPTION,END_DATE,HOURS,MANAGEMENT,NAME,START_DATE,CREATED_BY,LAST_EDITION_BY,PARENT_ID,REQUIREMENT_ID,TASK_PRIORITY_ID,TASK_STATUS_ID,TASK_TYPE_ID) values ('317',to_timestamp('31/08/16 00:06:27,731000000','DD/MM/RR HH24:MI:SSXFF'),'1','ANG-REQ0001-DSI-4','Diseño de clases',to_timestamp('11/10/16 10:03:00,000000000','DD/MM/RR HH24:MI:SSXFF'),'114','1',null,to_timestamp('06/10/16 14:03:00,000000000','DD/MM/RR HH24:MI:SSXFF'),'13','13','325','42',null,'6','5');
Insert into T_GPE_M_TASKS (ID,TIMESTAMP,VERSION,CODE,DESCRIPTION,END_DATE,HOURS,MANAGEMENT,NAME,START_DATE,CREATED_BY,LAST_EDITION_BY,PARENT_ID,REQUIREMENT_ID,TASK_PRIORITY_ID,TASK_STATUS_ID,TASK_TYPE_ID) values ('318',to_timestamp('31/08/16 00:06:27,731000000','DD/MM/RR HH24:MI:SSXFF'),'1','ANG-REQ0001-DSI-6','Diseño físico de datos',to_timestamp('13/10/16 14:03:00,000000000','DD/MM/RR HH24:MI:SSXFF'),'114','1',null,to_timestamp('11/10/16 10:03:00,000000000','DD/MM/RR HH24:MI:SSXFF'),'13','13','325','42',null,'6','5');
Insert into T_GPE_M_TASKS (ID,TIMESTAMP,VERSION,CODE,DESCRIPTION,END_DATE,HOURS,MANAGEMENT,NAME,START_DATE,CREATED_BY,LAST_EDITION_BY,PARENT_ID,REQUIREMENT_ID,TASK_PRIORITY_ID,TASK_STATUS_ID,TASK_TYPE_ID) values ('319',to_timestamp('31/08/16 00:06:27,731000000','DD/MM/RR HH24:MI:SSXFF'),'1','ANG-REQ0001-DSI-7','Verificación y aceptación de la arquitectura de sistema',to_timestamp('18/10/18 10:03:00,000000000','DD/MM/RR HH24:MI:SSXFF'),'114','1',null,to_timestamp('13/10/16 14:03:00,000000000','DD/MM/RR HH24:MI:SSXFF'),'13','13','325','42',null,'6','5');
Insert into T_GPE_M_TASKS (ID,TIMESTAMP,VERSION,CODE,DESCRIPTION,END_DATE,HOURS,MANAGEMENT,NAME,START_DATE,CREATED_BY,LAST_EDITION_BY,PARENT_ID,REQUIREMENT_ID,TASK_PRIORITY_ID,TASK_STATUS_ID,TASK_TYPE_ID) values ('320',to_timestamp('31/08/16 00:06:27,731000000','DD/MM/RR HH24:MI:SSXFF'),'1','ANG-REQ0001-DSI-8','Generación de especificación de construcción',to_timestamp('20/10/16 14:03:00,000000000','DD/MM/RR HH24:MI:SSXFF'),'114','1',null,to_timestamp('18/10/18 10:03:00,000000000','DD/MM/RR HH24:MI:SSXFF'),'13','13','325','42',null,'6','5');
Insert into T_GPE_M_TASKS (ID,TIMESTAMP,VERSION,CODE,DESCRIPTION,END_DATE,HOURS,MANAGEMENT,NAME,START_DATE,CREATED_BY,LAST_EDITION_BY,PARENT_ID,REQUIREMENT_ID,TASK_PRIORITY_ID,TASK_STATUS_ID,TASK_TYPE_ID) values ('321',to_timestamp('31/08/16 00:06:27,731000000','DD/MM/RR HH24:MI:SSXFF'),'1','ANG-REQ0001-DSI-9','Diseño de la migración y carga inicial de datos',to_timestamp('25/10/16 10:03:00,000000000','DD/MM/RR HH24:MI:SSXFF'),'114','1',null,to_timestamp('20/10/16 14:03:00,000000000','DD/MM/RR HH24:MI:SSXFF'),'13','13','325','42',null,'6','5');
Insert into T_GPE_M_TASKS (ID,TIMESTAMP,VERSION,CODE,DESCRIPTION,END_DATE,HOURS,MANAGEMENT,NAME,START_DATE,CREATED_BY,LAST_EDITION_BY,PARENT_ID,REQUIREMENT_ID,TASK_PRIORITY_ID,TASK_STATUS_ID,TASK_TYPE_ID) values ('322',to_timestamp('31/08/16 00:06:27,731000000','DD/MM/RR HH24:MI:SSXFF'),'1','ANG-REQ0001-DSI-10','Especificación técnica del plan de pruebas',to_timestamp('27/10/16 14:03:00,000000000','DD/MM/RR HH24:MI:SSXFF'),'114','1',null,to_timestamp('25/10/16 10:03:00,000000000','DD/MM/RR HH24:MI:SSXFF'),'13','13','325','42',null,'6','5');
Insert into T_GPE_M_TASKS (ID,TIMESTAMP,VERSION,CODE,DESCRIPTION,END_DATE,HOURS,MANAGEMENT,NAME,START_DATE,CREATED_BY,LAST_EDITION_BY,PARENT_ID,REQUIREMENT_ID,TASK_PRIORITY_ID,TASK_STATUS_ID,TASK_TYPE_ID) values ('323',to_timestamp('31/08/16 00:06:27,731000000','DD/MM/RR HH24:MI:SSXFF'),'1','ANG-REQ0001-DSI-11','Establecimiento de requisitos de implantación',to_timestamp('01/11/16 10:03:00,000000000','DD/MM/RR HH24:MI:SSXFF'),'114','1',null,to_timestamp('27/10/16 14:03:00,000000000','DD/MM/RR HH24:MI:SSXFF'),'13','13','325','42',null,'6','5');
Insert into T_GPE_M_TASKS (ID,TIMESTAMP,VERSION,CODE,DESCRIPTION,END_DATE,HOURS,MANAGEMENT,NAME,START_DATE,CREATED_BY,LAST_EDITION_BY,PARENT_ID,REQUIREMENT_ID,TASK_PRIORITY_ID,TASK_STATUS_ID,TASK_TYPE_ID) values ('324',to_timestamp('31/08/16 00:06:27,731000000','DD/MM/RR HH24:MI:SSXFF'),'1','ANG-REQ0001-DSI-12','Aprobación del DSI',to_timestamp('03/11/16 14:03:00,000000000','DD/MM/RR HH24:MI:SSXFF'),'114','1',null,to_timestamp('01/11/16 10:03:00,000000000','DD/MM/RR HH24:MI:SSXFF'),'13','13','325','42',null,'6','5');
Insert into T_GPE_M_TASKS (ID,TIMESTAMP,VERSION,CODE,DESCRIPTION,END_DATE,HOURS,MANAGEMENT,NAME,START_DATE,CREATED_BY,LAST_EDITION_BY,PARENT_ID,REQUIREMENT_ID,TASK_PRIORITY_ID,TASK_STATUS_ID,TASK_TYPE_ID) values ('335',to_timestamp('31/08/16 00:06:27,731000000','DD/MM/RR HH24:MI:SSXFF'),'0','ANG-REQ0001-CSI','Construcción del Sistema de Información',to_timestamp('22/12/16 09:00:00,000000000','DD/MM/RR HH24:MI:SSXFF'),'1562.4001','0',null,to_timestamp('03/11/16 14:03:00,000000000','DD/MM/RR HH24:MI:SSXFF'),'13','13',null,'42',null,'6','6');
Insert into T_GPE_M_TASKS (ID,TIMESTAMP,VERSION,CODE,DESCRIPTION,END_DATE,HOURS,MANAGEMENT,NAME,START_DATE,CREATED_BY,LAST_EDITION_BY,PARENT_ID,REQUIREMENT_ID,TASK_PRIORITY_ID,TASK_STATUS_ID,TASK_TYPE_ID) values ('326',to_timestamp('31/08/16 00:06:27,731000000','DD/MM/RR HH24:MI:SSXFF'),'1','ANG-REQ0001-CSI-1','Preparación del entorno de generación y construcción',to_timestamp('09/11/16 12:36:00,000000000','DD/MM/RR HH24:MI:SSXFF'),'173.6','0',null,to_timestamp('03/11/16 14:03:00,000000000','DD/MM/RR HH24:MI:SSXFF'),'13','13','335','42',null,'6','6');
Insert into T_GPE_M_TASKS (ID,TIMESTAMP,VERSION,CODE,DESCRIPTION,END_DATE,HOURS,MANAGEMENT,NAME,START_DATE,CREATED_BY,LAST_EDITION_BY,PARENT_ID,REQUIREMENT_ID,TASK_PRIORITY_ID,TASK_STATUS_ID,TASK_TYPE_ID) values ('327',to_timestamp('31/08/16 00:06:27,731000000','DD/MM/RR HH24:MI:SSXFF'),'1','ANG-REQ0001-CSI-2','Generación del código de los componentes y procedimientos',to_timestamp('15/11/16 11:09:00,000000000','DD/MM/RR HH24:MI:SSXFF'),'173.6','0',null,to_timestamp('09/11/16 12:36:00,000000000','DD/MM/RR HH24:MI:SSXFF'),'13','13','335','42',null,'6','6');
Insert into T_GPE_M_TASKS (ID,TIMESTAMP,VERSION,CODE,DESCRIPTION,END_DATE,HOURS,MANAGEMENT,NAME,START_DATE,CREATED_BY,LAST_EDITION_BY,PARENT_ID,REQUIREMENT_ID,TASK_PRIORITY_ID,TASK_STATUS_ID,TASK_TYPE_ID) values ('328',to_timestamp('31/08/16 00:06:27,731000000','DD/MM/RR HH24:MI:SSXFF'),'1','ANG-REQ0001-CSI-3','Ejecución de las pruebas unitarias',to_timestamp('21/11/16 09:42:00,000000000','DD/MM/RR HH24:MI:SSXFF'),'173.6','0',null,to_timestamp('15/11/16 11:09:00,000000000','DD/MM/RR HH24:MI:SSXFF'),'13','13','335','42',null,'6','6');
Insert into T_GPE_M_TASKS (ID,TIMESTAMP,VERSION,CODE,DESCRIPTION,END_DATE,HOURS,MANAGEMENT,NAME,START_DATE,CREATED_BY,LAST_EDITION_BY,PARENT_ID,REQUIREMENT_ID,TASK_PRIORITY_ID,TASK_STATUS_ID,TASK_TYPE_ID) values ('329',to_timestamp('31/08/16 00:06:27,731000000','DD/MM/RR HH24:MI:SSXFF'),'1','ANG-REQ0001-CSI-4','Ejecución de las pruebas de integración',to_timestamp('25/11/16 08:15:00,000000000','DD/MM/RR HH24:MI:SSXFF'),'173.6','0',null,to_timestamp('21/11/16 09:42:00,000000000','DD/MM/RR HH24:MI:SSXFF'),'13','13','335','42',null,'6','6');
Insert into T_GPE_M_TASKS (ID,TIMESTAMP,VERSION,CODE,DESCRIPTION,END_DATE,HOURS,MANAGEMENT,NAME,START_DATE,CREATED_BY,LAST_EDITION_BY,PARENT_ID,REQUIREMENT_ID,TASK_PRIORITY_ID,TASK_STATUS_ID,TASK_TYPE_ID) values ('330',to_timestamp('31/08/16 00:06:27,731000000','DD/MM/RR HH24:MI:SSXFF'),'1','ANG-REQ0001-CSI-5','Ejecución de las pruebas del sistema',to_timestamp('30/11/16 14:48:00,000000000','DD/MM/RR HH24:MI:SSXFF'),'173.6','0',null,to_timestamp('25/11/16 08:15:00,000000000','DD/MM/RR HH24:MI:SSXFF'),'13','13','335','42',null,'6','6');
Insert into T_GPE_M_TASKS (ID,TIMESTAMP,VERSION,CODE,DESCRIPTION,END_DATE,HOURS,MANAGEMENT,NAME,START_DATE,CREATED_BY,LAST_EDITION_BY,PARENT_ID,REQUIREMENT_ID,TASK_PRIORITY_ID,TASK_STATUS_ID,TASK_TYPE_ID) values ('331',to_timestamp('31/08/16 00:06:27,731000000','DD/MM/RR HH24:MI:SSXFF'),'1','ANG-REQ0001-CSI-6','Elaboración de los manuales de usuario',to_timestamp('06/12/16 13:21:00,000000000','DD/MM/RR HH24:MI:SSXFF'),'173.6','0',null,to_timestamp('30/11/16 14:48:00,000000000','DD/MM/RR HH24:MI:SSXFF'),'13','13','335','42',null,'6','6');
Insert into T_GPE_M_TASKS (ID,TIMESTAMP,VERSION,CODE,DESCRIPTION,END_DATE,HOURS,MANAGEMENT,NAME,START_DATE,CREATED_BY,LAST_EDITION_BY,PARENT_ID,REQUIREMENT_ID,TASK_PRIORITY_ID,TASK_STATUS_ID,TASK_TYPE_ID) values ('332',to_timestamp('31/08/16 00:06:27,731000000','DD/MM/RR HH24:MI:SSXFF'),'1','ANG-REQ0001-CSI-7','Definición de la formación de los usuarios finales',to_timestamp('12/12/16 11:54:00,000000000','DD/MM/RR HH24:MI:SSXFF'),'173.6','0',null,to_timestamp('06/12/16 13:21:00,000000000','DD/MM/RR HH24:MI:SSXFF'),'13','13','335','42',null,'6','6');
Insert into T_GPE_M_TASKS (ID,TIMESTAMP,VERSION,CODE,DESCRIPTION,END_DATE,HOURS,MANAGEMENT,NAME,START_DATE,CREATED_BY,LAST_EDITION_BY,PARENT_ID,REQUIREMENT_ID,TASK_PRIORITY_ID,TASK_STATUS_ID,TASK_TYPE_ID) values ('333',to_timestamp('31/08/16 00:06:27,731000000','DD/MM/RR HH24:MI:SSXFF'),'1','ANG-REQ0001-CSI-8','Construcción de los componentes y procedimientos de migración y carga inicial de datos',to_timestamp('16/12/16 10:27:00,000000000','DD/MM/RR HH24:MI:SSXFF'),'173.6','0',null,to_timestamp('12/12/16 11:54:00,000000000','DD/MM/RR HH24:MI:SSXFF'),'13','13','335','42',null,'6','6');
Insert into T_GPE_M_TASKS (ID,TIMESTAMP,VERSION,CODE,DESCRIPTION,END_DATE,HOURS,MANAGEMENT,NAME,START_DATE,CREATED_BY,LAST_EDITION_BY,PARENT_ID,REQUIREMENT_ID,TASK_PRIORITY_ID,TASK_STATUS_ID,TASK_TYPE_ID) values ('334',to_timestamp('31/08/16 00:06:27,731000000','DD/MM/RR HH24:MI:SSXFF'),'1','ANG-REQ0001-CSI-9','Aprobación del sistema de información',to_timestamp('22/12/16 09:00:00,000000000','DD/MM/RR HH24:MI:SSXFF'),'173.6','0',null,to_timestamp('16/12/16 10:27:00,000000000','DD/MM/RR HH24:MI:SSXFF'),'13','13','335','42',null,'6','6');
Insert into T_GPE_M_TASKS (ID,TIMESTAMP,VERSION,CODE,DESCRIPTION,END_DATE,HOURS,MANAGEMENT,NAME,START_DATE,CREATED_BY,LAST_EDITION_BY,PARENT_ID,REQUIREMENT_ID,TASK_PRIORITY_ID,TASK_STATUS_ID,TASK_TYPE_ID) values ('346',to_timestamp('31/08/16 00:06:27,731000000','DD/MM/RR HH24:MI:SSXFF'),'0','ANG-REQ0001-IAS','Implantación y Aceptación del Sistema',to_timestamp('30/12/16 16:00:00,000000000','DD/MM/RR HH24:MI:SSXFF'),'312','1',null,to_timestamp('22/12/16 09:00:00,000000000','DD/MM/RR HH24:MI:SSXFF'),'13','13',null,'42',null,'6','7');
Insert into T_GPE_M_TASKS (ID,TIMESTAMP,VERSION,CODE,DESCRIPTION,END_DATE,HOURS,MANAGEMENT,NAME,START_DATE,CREATED_BY,LAST_EDITION_BY,PARENT_ID,REQUIREMENT_ID,TASK_PRIORITY_ID,TASK_STATUS_ID,TASK_TYPE_ID) values ('336',to_timestamp('31/08/16 00:06:27,731000000','DD/MM/RR HH24:MI:SSXFF'),'1','ANG-REQ0001-IAS-1','Establecimiento del plan de implantación',to_timestamp('22/12/16 14:30:00,000000000','DD/MM/RR HH24:MI:SSXFF'),'31.2','1',null,to_timestamp('22/12/16 09:00:00,000000000','DD/MM/RR HH24:MI:SSXFF'),'13','13','346','42',null,'6','7');
Insert into T_GPE_M_TASKS (ID,TIMESTAMP,VERSION,CODE,DESCRIPTION,END_DATE,HOURS,MANAGEMENT,NAME,START_DATE,CREATED_BY,LAST_EDITION_BY,PARENT_ID,REQUIREMENT_ID,TASK_PRIORITY_ID,TASK_STATUS_ID,TASK_TYPE_ID) values ('337',to_timestamp('31/08/16 00:06:27,731000000','DD/MM/RR HH24:MI:SSXFF'),'1','ANG-REQ0001-IAS-2','Formación necesaria para la implantación',to_timestamp('23/12/16 12:00:00,000000000','DD/MM/RR HH24:MI:SSXFF'),'31.2','1',null,to_timestamp('22/12/16 14:30:00,000000000','DD/MM/RR HH24:MI:SSXFF'),'13','13','346','42',null,'6','7');
Insert into T_GPE_M_TASKS (ID,TIMESTAMP,VERSION,CODE,DESCRIPTION,END_DATE,HOURS,MANAGEMENT,NAME,START_DATE,CREATED_BY,LAST_EDITION_BY,PARENT_ID,REQUIREMENT_ID,TASK_PRIORITY_ID,TASK_STATUS_ID,TASK_TYPE_ID) values ('338',to_timestamp('31/08/16 00:06:27,731000000','DD/MM/RR HH24:MI:SSXFF'),'1','ANG-REQ0001-IAS-3','Incorporación del sistema al entorno de operación',to_timestamp('26/12/16 09:30:00,000000000','DD/MM/RR HH24:MI:SSXFF'),'31.2','1',null,to_timestamp('23/12/16 12:00:00,000000000','DD/MM/RR HH24:MI:SSXFF'),'13','13','346','42',null,'6','7');
Insert into T_GPE_M_TASKS (ID,TIMESTAMP,VERSION,CODE,DESCRIPTION,END_DATE,HOURS,MANAGEMENT,NAME,START_DATE,CREATED_BY,LAST_EDITION_BY,PARENT_ID,REQUIREMENT_ID,TASK_PRIORITY_ID,TASK_STATUS_ID,TASK_TYPE_ID) values ('339',to_timestamp('31/08/16 00:06:27,731000000','DD/MM/RR HH24:MI:SSXFF'),'1','ANG-REQ0001-IAS-4','Carga de datos al entorno de operación',to_timestamp('26/12/16 15:00:00,000000000','DD/MM/RR HH24:MI:SSXFF'),'31.2','1',null,to_timestamp('26/12/16 09:30:00,000000000','DD/MM/RR HH24:MI:SSXFF'),'13','13','346','42',null,'6','7');
Insert into T_GPE_M_TASKS (ID,TIMESTAMP,VERSION,CODE,DESCRIPTION,END_DATE,HOURS,MANAGEMENT,NAME,START_DATE,CREATED_BY,LAST_EDITION_BY,PARENT_ID,REQUIREMENT_ID,TASK_PRIORITY_ID,TASK_STATUS_ID,TASK_TYPE_ID) values ('340',to_timestamp('31/08/16 00:06:27,731000000','DD/MM/RR HH24:MI:SSXFF'),'1','ANG-REQ0001-IAS-5','Pruebas de implantación del sistema',to_timestamp('27/12/16 12:30:00,000000000','DD/MM/RR HH24:MI:SSXFF'),'31.2','1',null,to_timestamp('26/12/16 15:00:00,000000000','DD/MM/RR HH24:MI:SSXFF'),'13','13','346','42',null,'6','7');
Insert into T_GPE_M_TASKS (ID,TIMESTAMP,VERSION,CODE,DESCRIPTION,END_DATE,HOURS,MANAGEMENT,NAME,START_DATE,CREATED_BY,LAST_EDITION_BY,PARENT_ID,REQUIREMENT_ID,TASK_PRIORITY_ID,TASK_STATUS_ID,TASK_TYPE_ID) values ('341',to_timestamp('31/08/16 00:06:27,731000000','DD/MM/RR HH24:MI:SSXFF'),'1','ANG-REQ0001-IAS-6','Pruebas de aceptación del sistema',to_timestamp('28/12/16 10:00:00,000000000','DD/MM/RR HH24:MI:SSXFF'),'31.2','1',null,to_timestamp('27/12/16 12:30:00,000000000','DD/MM/RR HH24:MI:SSXFF'),'13','13','346','42',null,'6','7');
Insert into T_GPE_M_TASKS (ID,TIMESTAMP,VERSION,CODE,DESCRIPTION,END_DATE,HOURS,MANAGEMENT,NAME,START_DATE,CREATED_BY,LAST_EDITION_BY,PARENT_ID,REQUIREMENT_ID,TASK_PRIORITY_ID,TASK_STATUS_ID,TASK_TYPE_ID) values ('342',to_timestamp('31/08/16 00:06:27,731000000','DD/MM/RR HH24:MI:SSXFF'),'1','ANG-REQ0001-IAS-7','Preparación del mantenimiento del sistema',to_timestamp('28/12/16 15:30:00,000000000','DD/MM/RR HH24:MI:SSXFF'),'31.2','1',null,to_timestamp('28/12/16 10:00:00,000000000','DD/MM/RR HH24:MI:SSXFF'),'13','13','346','42',null,'6','7');
Insert into T_GPE_M_TASKS (ID,TIMESTAMP,VERSION,CODE,DESCRIPTION,END_DATE,HOURS,MANAGEMENT,NAME,START_DATE,CREATED_BY,LAST_EDITION_BY,PARENT_ID,REQUIREMENT_ID,TASK_PRIORITY_ID,TASK_STATUS_ID,TASK_TYPE_ID) values ('343',to_timestamp('31/08/16 00:06:27,731000000','DD/MM/RR HH24:MI:SSXFF'),'1','ANG-REQ0001-IAS-8','Establecimiento del acuerdo de nivel de servicio',to_timestamp('29/12/16 13:00:00,000000000','DD/MM/RR HH24:MI:SSXFF'),'31.2','1',null,to_timestamp('28/12/16 15:30:00,000000000','DD/MM/RR HH24:MI:SSXFF'),'13','13','346','42',null,'6','7');
Insert into T_GPE_M_TASKS (ID,TIMESTAMP,VERSION,CODE,DESCRIPTION,END_DATE,HOURS,MANAGEMENT,NAME,START_DATE,CREATED_BY,LAST_EDITION_BY,PARENT_ID,REQUIREMENT_ID,TASK_PRIORITY_ID,TASK_STATUS_ID,TASK_TYPE_ID) values ('344',to_timestamp('31/08/16 00:06:27,731000000','DD/MM/RR HH24:MI:SSXFF'),'1','ANG-REQ0001-IAS-9','Presentación y aprobación del sistema',to_timestamp('30/12/16 10:30:00,000000000','DD/MM/RR HH24:MI:SSXFF'),'31.2','1',null,to_timestamp('29/12/16 13:00:00,000000000','DD/MM/RR HH24:MI:SSXFF'),'13','13','346','42',null,'6','7');
Insert into T_GPE_M_TASKS (ID,TIMESTAMP,VERSION,CODE,DESCRIPTION,END_DATE,HOURS,MANAGEMENT,NAME,START_DATE,CREATED_BY,LAST_EDITION_BY,PARENT_ID,REQUIREMENT_ID,TASK_PRIORITY_ID,TASK_STATUS_ID,TASK_TYPE_ID) values ('345',to_timestamp('31/08/16 00:06:27,731000000','DD/MM/RR HH24:MI:SSXFF'),'1','ANG-REQ0001-IAS-10','Paso a producción',to_timestamp('30/12/16 16:00:00,000000000','DD/MM/RR HH24:MI:SSXFF'),'31.2','1',null,to_timestamp('30/12/16 10:30:00,000000000','DD/MM/RR HH24:MI:SSXFF'),'13','13','346','42',null,'6','7');

Insert into T_GPE_M_TASK_COMMENT (ID,TIMESTAMP,VERSION,COMMENTARY,TASK_ID,USER_ID) values ('21',to_timestamp('31/08/16 00:47:54,181000000','DD/MM/RR HH24:MI:SSXFF'),'0','hola!','293','13');
Insert into T_GPE_M_TASK_COMMENT (ID,TIMESTAMP,VERSION,COMMENTARY,TASK_ID,USER_ID) values ('22',to_timestamp('31/08/16 00:48:03,057000000','DD/MM/RR HH24:MI:SSXFF'),'0','asdasd','293','13');

Insert into T_GPE_R_HISTORICAL_PROJECTS (ID,TIMESTAMP,VERSION,END_DATE,START_DATE,PROJECT_ID,REQUIREMENT_ID,ROLE_ID,USER_ID) values ('1',to_timestamp('31/08/16 00:06:52.139000000','DD/MM/RR HH24:MI:SSXFF'),'0',null,to_timestamp('31/08/16 00:00:00,000000000','DD/MM/RR HH24:MI:SSXFF'),'42','42','2','14');
Insert into T_GPE_R_HISTORICAL_PROJECTS (ID,TIMESTAMP,VERSION,END_DATE,START_DATE,PROJECT_ID,REQUIREMENT_ID,ROLE_ID,USER_ID) values ('2',to_timestamp('31/08/16 00:06:52.139000000','DD/MM/RR HH24:MI:SSXFF'),'0',null,to_timestamp('31/08/16 00:00:00,000000000','DD/MM/RR HH24:MI:SSXFF'),'42','42','3','3');
Insert into T_GPE_R_HISTORICAL_PROJECTS (ID,TIMESTAMP,VERSION,END_DATE,START_DATE,PROJECT_ID,REQUIREMENT_ID,ROLE_ID,USER_ID) values ('3',to_timestamp('31/08/16 00:06:52.139000000','DD/MM/RR HH24:MI:SSXFF'),'0',null,to_timestamp('31/08/16 00:00:00,000000000','DD/MM/RR HH24:MI:SSXFF'),'42','42','4','5');
Insert into T_GPE_R_HISTORICAL_PROJECTS (ID,TIMESTAMP,VERSION,END_DATE,START_DATE,PROJECT_ID,REQUIREMENT_ID,ROLE_ID,USER_ID) values ('4',to_timestamp('31/08/16 00:06:52.139000000','DD/MM/RR HH24:MI:SSXFF'),'0',null,to_timestamp('31/08/16 00:00:00,000000000','DD/MM/RR HH24:MI:SSXFF'),'42','42','4','6');
Insert into T_GPE_R_HISTORICAL_PROJECTS (ID,TIMESTAMP,VERSION,END_DATE,START_DATE,PROJECT_ID,REQUIREMENT_ID,ROLE_ID,USER_ID) values ('5',to_timestamp('31/08/16 00:06:52.139000000','DD/MM/RR HH24:MI:SSXFF'),'0',null,to_timestamp('31/08/16 00:00:00,000000000','DD/MM/RR HH24:MI:SSXFF'),'42','42','4','7');
Insert into T_GPE_R_HISTORICAL_PROJECTS (ID,TIMESTAMP,VERSION,END_DATE,START_DATE,PROJECT_ID,REQUIREMENT_ID,ROLE_ID,USER_ID) values ('6',to_timestamp('31/08/16 00:06:52.139000000','DD/MM/RR HH24:MI:SSXFF'),'0',null,to_timestamp('31/08/16 00:00:00,000000000','DD/MM/RR HH24:MI:SSXFF'),'42','42','4','8');

Insert into T_GPE_R_PROJECTS_MANAGED (ID_USER,ID_PROJECT) values ('3','42');

Insert into T_GPE_R_REQUIREMENTS_DEVELOPED (ID_USER,ID_REQUIREMENT) values ('5','42');
Insert into T_GPE_R_REQUIREMENTS_DEVELOPED (ID_USER,ID_REQUIREMENT) values ('6','42');
Insert into T_GPE_R_REQUIREMENTS_DEVELOPED (ID_USER,ID_REQUIREMENT) values ('7','42');
Insert into T_GPE_R_REQUIREMENTS_DEVELOPED (ID_USER,ID_REQUIREMENT) values ('8','42');

Insert into T_GPE_R_TASKS_DEPENDENCIES (TASK_ID,DEPENDENCY_ID) values ('284','285');
Insert into T_GPE_R_TASKS_DEPENDENCIES (TASK_ID,DEPENDENCY_ID) values ('285','284');
Insert into T_GPE_R_TASKS_DEPENDENCIES (TASK_ID,DEPENDENCY_ID) values ('285','286');
Insert into T_GPE_R_TASKS_DEPENDENCIES (TASK_ID,DEPENDENCY_ID) values ('285','287');
Insert into T_GPE_R_TASKS_DEPENDENCIES (TASK_ID,DEPENDENCY_ID) values ('285','288');
Insert into T_GPE_R_TASKS_DEPENDENCIES (TASK_ID,DEPENDENCY_ID) values ('286','285');
Insert into T_GPE_R_TASKS_DEPENDENCIES (TASK_ID,DEPENDENCY_ID) values ('286','289');
Insert into T_GPE_R_TASKS_DEPENDENCIES (TASK_ID,DEPENDENCY_ID) values ('287','285');
Insert into T_GPE_R_TASKS_DEPENDENCIES (TASK_ID,DEPENDENCY_ID) values ('287','289');
Insert into T_GPE_R_TASKS_DEPENDENCIES (TASK_ID,DEPENDENCY_ID) values ('288','285');
Insert into T_GPE_R_TASKS_DEPENDENCIES (TASK_ID,DEPENDENCY_ID) values ('288','289');
Insert into T_GPE_R_TASKS_DEPENDENCIES (TASK_ID,DEPENDENCY_ID) values ('289','286');
Insert into T_GPE_R_TASKS_DEPENDENCIES (TASK_ID,DEPENDENCY_ID) values ('289','287');
Insert into T_GPE_R_TASKS_DEPENDENCIES (TASK_ID,DEPENDENCY_ID) values ('289','288');
Insert into T_GPE_R_TASKS_DEPENDENCIES (TASK_ID,DEPENDENCY_ID) values ('289','290');
Insert into T_GPE_R_TASKS_DEPENDENCIES (TASK_ID,DEPENDENCY_ID) values ('290','289');
Insert into T_GPE_R_TASKS_DEPENDENCIES (TASK_ID,DEPENDENCY_ID) values ('290','291');
Insert into T_GPE_R_TASKS_DEPENDENCIES (TASK_ID,DEPENDENCY_ID) values ('291','290');
Insert into T_GPE_R_TASKS_DEPENDENCIES (TASK_ID,DEPENDENCY_ID) values ('291','292');
Insert into T_GPE_R_TASKS_DEPENDENCIES (TASK_ID,DEPENDENCY_ID) values ('292','291');
Insert into T_GPE_R_TASKS_DEPENDENCIES (TASK_ID,DEPENDENCY_ID) values ('293','300');
Insert into T_GPE_R_TASKS_DEPENDENCIES (TASK_ID,DEPENDENCY_ID) values ('294','295');
Insert into T_GPE_R_TASKS_DEPENDENCIES (TASK_ID,DEPENDENCY_ID) values ('294','296');
Insert into T_GPE_R_TASKS_DEPENDENCIES (TASK_ID,DEPENDENCY_ID) values ('295','294');
Insert into T_GPE_R_TASKS_DEPENDENCIES (TASK_ID,DEPENDENCY_ID) values ('295','297');
Insert into T_GPE_R_TASKS_DEPENDENCIES (TASK_ID,DEPENDENCY_ID) values ('296','294');
Insert into T_GPE_R_TASKS_DEPENDENCIES (TASK_ID,DEPENDENCY_ID) values ('296','297');
Insert into T_GPE_R_TASKS_DEPENDENCIES (TASK_ID,DEPENDENCY_ID) values ('297','295');
Insert into T_GPE_R_TASKS_DEPENDENCIES (TASK_ID,DEPENDENCY_ID) values ('297','296');
Insert into T_GPE_R_TASKS_DEPENDENCIES (TASK_ID,DEPENDENCY_ID) values ('297','298');
Insert into T_GPE_R_TASKS_DEPENDENCIES (TASK_ID,DEPENDENCY_ID) values ('298','297');
Insert into T_GPE_R_TASKS_DEPENDENCIES (TASK_ID,DEPENDENCY_ID) values ('298','299');
Insert into T_GPE_R_TASKS_DEPENDENCIES (TASK_ID,DEPENDENCY_ID) values ('299','298');
Insert into T_GPE_R_TASKS_DEPENDENCIES (TASK_ID,DEPENDENCY_ID) values ('300','293');
Insert into T_GPE_R_TASKS_DEPENDENCIES (TASK_ID,DEPENDENCY_ID) values ('300','303');
Insert into T_GPE_R_TASKS_DEPENDENCIES (TASK_ID,DEPENDENCY_ID) values ('301','302');
Insert into T_GPE_R_TASKS_DEPENDENCIES (TASK_ID,DEPENDENCY_ID) values ('302','301');
Insert into T_GPE_R_TASKS_DEPENDENCIES (TASK_ID,DEPENDENCY_ID) values ('303','300');
Insert into T_GPE_R_TASKS_DEPENDENCIES (TASK_ID,DEPENDENCY_ID) values ('303','313');
Insert into T_GPE_R_TASKS_DEPENDENCIES (TASK_ID,DEPENDENCY_ID) values ('304','305');
Insert into T_GPE_R_TASKS_DEPENDENCIES (TASK_ID,DEPENDENCY_ID) values ('304','306');
Insert into T_GPE_R_TASKS_DEPENDENCIES (TASK_ID,DEPENDENCY_ID) values ('304','307');
Insert into T_GPE_R_TASKS_DEPENDENCIES (TASK_ID,DEPENDENCY_ID) values ('304','308');
Insert into T_GPE_R_TASKS_DEPENDENCIES (TASK_ID,DEPENDENCY_ID) values ('304','309');
Insert into T_GPE_R_TASKS_DEPENDENCIES (TASK_ID,DEPENDENCY_ID) values ('305','304');
Insert into T_GPE_R_TASKS_DEPENDENCIES (TASK_ID,DEPENDENCY_ID) values ('305','310');
Insert into T_GPE_R_TASKS_DEPENDENCIES (TASK_ID,DEPENDENCY_ID) values ('306','304');
Insert into T_GPE_R_TASKS_DEPENDENCIES (TASK_ID,DEPENDENCY_ID) values ('306','310');
Insert into T_GPE_R_TASKS_DEPENDENCIES (TASK_ID,DEPENDENCY_ID) values ('307','304');
Insert into T_GPE_R_TASKS_DEPENDENCIES (TASK_ID,DEPENDENCY_ID) values ('307','310');
Insert into T_GPE_R_TASKS_DEPENDENCIES (TASK_ID,DEPENDENCY_ID) values ('308','304');
Insert into T_GPE_R_TASKS_DEPENDENCIES (TASK_ID,DEPENDENCY_ID) values ('308','310');
Insert into T_GPE_R_TASKS_DEPENDENCIES (TASK_ID,DEPENDENCY_ID) values ('309','304');
Insert into T_GPE_R_TASKS_DEPENDENCIES (TASK_ID,DEPENDENCY_ID) values ('309','310');
Insert into T_GPE_R_TASKS_DEPENDENCIES (TASK_ID,DEPENDENCY_ID) values ('310','305');
Insert into T_GPE_R_TASKS_DEPENDENCIES (TASK_ID,DEPENDENCY_ID) values ('310','306');
Insert into T_GPE_R_TASKS_DEPENDENCIES (TASK_ID,DEPENDENCY_ID) values ('310','307');
Insert into T_GPE_R_TASKS_DEPENDENCIES (TASK_ID,DEPENDENCY_ID) values ('310','308');
Insert into T_GPE_R_TASKS_DEPENDENCIES (TASK_ID,DEPENDENCY_ID) values ('310','309');
Insert into T_GPE_R_TASKS_DEPENDENCIES (TASK_ID,DEPENDENCY_ID) values ('310','311');
Insert into T_GPE_R_TASKS_DEPENDENCIES (TASK_ID,DEPENDENCY_ID) values ('311','310');
Insert into T_GPE_R_TASKS_DEPENDENCIES (TASK_ID,DEPENDENCY_ID) values ('311','312');
Insert into T_GPE_R_TASKS_DEPENDENCIES (TASK_ID,DEPENDENCY_ID) values ('312','311');
Insert into T_GPE_R_TASKS_DEPENDENCIES (TASK_ID,DEPENDENCY_ID) values ('313','303');
Insert into T_GPE_R_TASKS_DEPENDENCIES (TASK_ID,DEPENDENCY_ID) values ('313','325');
Insert into T_GPE_R_TASKS_DEPENDENCIES (TASK_ID,DEPENDENCY_ID) values ('314','319');
Insert into T_GPE_R_TASKS_DEPENDENCIES (TASK_ID,DEPENDENCY_ID) values ('315','319');
Insert into T_GPE_R_TASKS_DEPENDENCIES (TASK_ID,DEPENDENCY_ID) values ('316','319');
Insert into T_GPE_R_TASKS_DEPENDENCIES (TASK_ID,DEPENDENCY_ID) values ('317','319');
Insert into T_GPE_R_TASKS_DEPENDENCIES (TASK_ID,DEPENDENCY_ID) values ('318','319');
Insert into T_GPE_R_TASKS_DEPENDENCIES (TASK_ID,DEPENDENCY_ID) values ('319','314');
Insert into T_GPE_R_TASKS_DEPENDENCIES (TASK_ID,DEPENDENCY_ID) values ('319','315');
Insert into T_GPE_R_TASKS_DEPENDENCIES (TASK_ID,DEPENDENCY_ID) values ('319','316');
Insert into T_GPE_R_TASKS_DEPENDENCIES (TASK_ID,DEPENDENCY_ID) values ('319','317');
Insert into T_GPE_R_TASKS_DEPENDENCIES (TASK_ID,DEPENDENCY_ID) values ('319','318');
Insert into T_GPE_R_TASKS_DEPENDENCIES (TASK_ID,DEPENDENCY_ID) values ('319','320');
Insert into T_GPE_R_TASKS_DEPENDENCIES (TASK_ID,DEPENDENCY_ID) values ('319','321');
Insert into T_GPE_R_TASKS_DEPENDENCIES (TASK_ID,DEPENDENCY_ID) values ('319','322');
Insert into T_GPE_R_TASKS_DEPENDENCIES (TASK_ID,DEPENDENCY_ID) values ('319','323');
Insert into T_GPE_R_TASKS_DEPENDENCIES (TASK_ID,DEPENDENCY_ID) values ('320','319');
Insert into T_GPE_R_TASKS_DEPENDENCIES (TASK_ID,DEPENDENCY_ID) values ('320','324');
Insert into T_GPE_R_TASKS_DEPENDENCIES (TASK_ID,DEPENDENCY_ID) values ('321','319');
Insert into T_GPE_R_TASKS_DEPENDENCIES (TASK_ID,DEPENDENCY_ID) values ('321','324');
Insert into T_GPE_R_TASKS_DEPENDENCIES (TASK_ID,DEPENDENCY_ID) values ('322','319');
Insert into T_GPE_R_TASKS_DEPENDENCIES (TASK_ID,DEPENDENCY_ID) values ('322','324');
Insert into T_GPE_R_TASKS_DEPENDENCIES (TASK_ID,DEPENDENCY_ID) values ('323','319');
Insert into T_GPE_R_TASKS_DEPENDENCIES (TASK_ID,DEPENDENCY_ID) values ('323','324');
Insert into T_GPE_R_TASKS_DEPENDENCIES (TASK_ID,DEPENDENCY_ID) values ('324','320');
Insert into T_GPE_R_TASKS_DEPENDENCIES (TASK_ID,DEPENDENCY_ID) values ('324','321');
Insert into T_GPE_R_TASKS_DEPENDENCIES (TASK_ID,DEPENDENCY_ID) values ('324','322');
Insert into T_GPE_R_TASKS_DEPENDENCIES (TASK_ID,DEPENDENCY_ID) values ('324','323');
Insert into T_GPE_R_TASKS_DEPENDENCIES (TASK_ID,DEPENDENCY_ID) values ('325','313');
Insert into T_GPE_R_TASKS_DEPENDENCIES (TASK_ID,DEPENDENCY_ID) values ('325','335');
Insert into T_GPE_R_TASKS_DEPENDENCIES (TASK_ID,DEPENDENCY_ID) values ('326','327');
Insert into T_GPE_R_TASKS_DEPENDENCIES (TASK_ID,DEPENDENCY_ID) values ('326','328');
Insert into T_GPE_R_TASKS_DEPENDENCIES (TASK_ID,DEPENDENCY_ID) values ('326','329');
Insert into T_GPE_R_TASKS_DEPENDENCIES (TASK_ID,DEPENDENCY_ID) values ('326','331');
Insert into T_GPE_R_TASKS_DEPENDENCIES (TASK_ID,DEPENDENCY_ID) values ('326','332');
Insert into T_GPE_R_TASKS_DEPENDENCIES (TASK_ID,DEPENDENCY_ID) values ('326','333');
Insert into T_GPE_R_TASKS_DEPENDENCIES (TASK_ID,DEPENDENCY_ID) values ('327','326');
Insert into T_GPE_R_TASKS_DEPENDENCIES (TASK_ID,DEPENDENCY_ID) values ('327','330');
Insert into T_GPE_R_TASKS_DEPENDENCIES (TASK_ID,DEPENDENCY_ID) values ('328','326');
Insert into T_GPE_R_TASKS_DEPENDENCIES (TASK_ID,DEPENDENCY_ID) values ('328','330');
Insert into T_GPE_R_TASKS_DEPENDENCIES (TASK_ID,DEPENDENCY_ID) values ('329','326');
Insert into T_GPE_R_TASKS_DEPENDENCIES (TASK_ID,DEPENDENCY_ID) values ('329','330');
Insert into T_GPE_R_TASKS_DEPENDENCIES (TASK_ID,DEPENDENCY_ID) values ('330','327');
Insert into T_GPE_R_TASKS_DEPENDENCIES (TASK_ID,DEPENDENCY_ID) values ('330','328');
Insert into T_GPE_R_TASKS_DEPENDENCIES (TASK_ID,DEPENDENCY_ID) values ('330','329');
Insert into T_GPE_R_TASKS_DEPENDENCIES (TASK_ID,DEPENDENCY_ID) values ('330','334');
Insert into T_GPE_R_TASKS_DEPENDENCIES (TASK_ID,DEPENDENCY_ID) values ('331','326');
Insert into T_GPE_R_TASKS_DEPENDENCIES (TASK_ID,DEPENDENCY_ID) values ('331','334');
Insert into T_GPE_R_TASKS_DEPENDENCIES (TASK_ID,DEPENDENCY_ID) values ('332','326');
Insert into T_GPE_R_TASKS_DEPENDENCIES (TASK_ID,DEPENDENCY_ID) values ('332','334');
Insert into T_GPE_R_TASKS_DEPENDENCIES (TASK_ID,DEPENDENCY_ID) values ('333','326');
Insert into T_GPE_R_TASKS_DEPENDENCIES (TASK_ID,DEPENDENCY_ID) values ('333','334');
Insert into T_GPE_R_TASKS_DEPENDENCIES (TASK_ID,DEPENDENCY_ID) values ('334','330');
Insert into T_GPE_R_TASKS_DEPENDENCIES (TASK_ID,DEPENDENCY_ID) values ('334','331');
Insert into T_GPE_R_TASKS_DEPENDENCIES (TASK_ID,DEPENDENCY_ID) values ('334','332');
Insert into T_GPE_R_TASKS_DEPENDENCIES (TASK_ID,DEPENDENCY_ID) values ('334','333');
Insert into T_GPE_R_TASKS_DEPENDENCIES (TASK_ID,DEPENDENCY_ID) values ('335','325');
Insert into T_GPE_R_TASKS_DEPENDENCIES (TASK_ID,DEPENDENCY_ID) values ('335','346');
Insert into T_GPE_R_TASKS_DEPENDENCIES (TASK_ID,DEPENDENCY_ID) values ('336','337');
Insert into T_GPE_R_TASKS_DEPENDENCIES (TASK_ID,DEPENDENCY_ID) values ('336','343');
Insert into T_GPE_R_TASKS_DEPENDENCIES (TASK_ID,DEPENDENCY_ID) values ('337','336');
Insert into T_GPE_R_TASKS_DEPENDENCIES (TASK_ID,DEPENDENCY_ID) values ('337','338');
Insert into T_GPE_R_TASKS_DEPENDENCIES (TASK_ID,DEPENDENCY_ID) values ('337','339');
Insert into T_GPE_R_TASKS_DEPENDENCIES (TASK_ID,DEPENDENCY_ID) values ('337','342');
Insert into T_GPE_R_TASKS_DEPENDENCIES (TASK_ID,DEPENDENCY_ID) values ('338','337');
Insert into T_GPE_R_TASKS_DEPENDENCIES (TASK_ID,DEPENDENCY_ID) values ('338','340');
Insert into T_GPE_R_TASKS_DEPENDENCIES (TASK_ID,DEPENDENCY_ID) values ('339','337');
Insert into T_GPE_R_TASKS_DEPENDENCIES (TASK_ID,DEPENDENCY_ID) values ('339','340');
Insert into T_GPE_R_TASKS_DEPENDENCIES (TASK_ID,DEPENDENCY_ID) values ('340','338');
Insert into T_GPE_R_TASKS_DEPENDENCIES (TASK_ID,DEPENDENCY_ID) values ('340','339');
Insert into T_GPE_R_TASKS_DEPENDENCIES (TASK_ID,DEPENDENCY_ID) values ('340','341');
Insert into T_GPE_R_TASKS_DEPENDENCIES (TASK_ID,DEPENDENCY_ID) values ('341','340');
Insert into T_GPE_R_TASKS_DEPENDENCIES (TASK_ID,DEPENDENCY_ID) values ('341','344');
Insert into T_GPE_R_TASKS_DEPENDENCIES (TASK_ID,DEPENDENCY_ID) values ('342','337');
Insert into T_GPE_R_TASKS_DEPENDENCIES (TASK_ID,DEPENDENCY_ID) values ('342','344');
Insert into T_GPE_R_TASKS_DEPENDENCIES (TASK_ID,DEPENDENCY_ID) values ('343','336');
Insert into T_GPE_R_TASKS_DEPENDENCIES (TASK_ID,DEPENDENCY_ID) values ('343','344');
Insert into T_GPE_R_TASKS_DEPENDENCIES (TASK_ID,DEPENDENCY_ID) values ('344','341');
Insert into T_GPE_R_TASKS_DEPENDENCIES (TASK_ID,DEPENDENCY_ID) values ('344','342');
Insert into T_GPE_R_TASKS_DEPENDENCIES (TASK_ID,DEPENDENCY_ID) values ('344','343');
Insert into T_GPE_R_TASKS_DEPENDENCIES (TASK_ID,DEPENDENCY_ID) values ('344','345');
Insert into T_GPE_R_TASKS_DEPENDENCIES (TASK_ID,DEPENDENCY_ID) values ('345','344');
Insert into T_GPE_R_TASKS_DEPENDENCIES (TASK_ID,DEPENDENCY_ID) values ('346','335');